Keyword,Country code,Location,SERP features,Volume,KD,Organic traffic,Current position,Current URL
aerochat,US,United States,Sitelinks,350,0,1,3,https://aerochat.ai/
free whatsapp link,NG,Nigeria,"Sitelinks, People also ask",200,18,0,38,https://aerochat.ai/free-whatsapp-link-generator
free whatsapp link,MY,Malaysia,"Sitelinks, People also ask",250,18,0,43,https://aerochat.ai/free-whatsapp-link-generator
ai chatbot shopify,US,United States,"Sitelinks, People also ask, Top stories, Thumbnail, Video preview",40,22,0,35,https://aerochat.ai/blog/shopify-ai-chatbot?snoball_referral=8Wx0
whatsapp ai chatbot,KE,Kenya,"People also ask, Sitelinks",70,55,0,39,https://aerochat.ai/blog/whatsapp-ai-chatbot
whatsapp ai chatbot,GH,Ghana,"Sitelinks, People also ask",70,56,0,40,https://aerochat.ai/blog/whatsapp-ai-chatbot
free whatsapp link,PK,Pakistan,"Sitelinks, People also ask",150,19,0,43,https://aerochat.ai/free-whatsapp-link-generator
free whatsapp link,GH,Ghana,"Sitelinks, People also ask",30,18,0,37,https://aerochat.ai/free-whatsapp-link-generator
facebook ai chatbot,US,United States,"People also ask, Sitelinks, Top stories, Video preview",150,7,0,44,https://aerochat.ai/blog/facebook-ai-chatbot
whatsapp ai chatbot,NG,Nigeria,"AI overview, Sitelinks, People also ask",150,53,0,48,https://aerochat.ai/blog/whatsapp-ai-chatbot
free whatsapp link,KE,Kenya,"Sitelinks, People also ask",30,18,0,40,https://aerochat.ai/free-whatsapp-link-generator
ai whatsapp chatbot,NL,Netherlands,"People also ask, Sitelinks, Top stories, Thumbnail",90,33,0,46,https://aerochat.ai/blog/whatsapp-ai-chatbot
telegram ai,IN,India,"People also ask, Sitelinks",1000,45,0,57,https://aerochat.ai/blog/telegram-ai-chatbot
telegram ai chatbot,US,United States,People also ask,100,1,0,48,https://aerochat.ai/blog/telegram-ai-chatbot
whatsapp generator,ID,Indonesia,Sitelinks,400,18,0,56,https://aerochat.ai/free-whatsapp-link-generator
whatsapp ai chatbot,BR,Brazil,"AI overview, Sitelinks, People also ask",100,28,0,51,https://aerochat.ai/blog/whatsapp-ai-chatbot
telegram ai,MY,Malaysia,"People also ask, Sitelinks",80,6,0,49,https://aerochat.ai/blog/telegram-ai-chatbot
wa link generator,MX,Mexico,,200,30,0,53,https://aerochat.ai/free-whatsapp-link-generator
telegram ai chatbot,IN,India,People also ask,150,12,0,52,https://aerochat.ai/blog/telegram-ai-chatbot
whatsapp link free,MY,Malaysia,"Sitelinks, People also ask",80,12,0,50,https://aerochat.ai/free-whatsapp-link-generator
shopify ai chatbot,CA,Canada,"People also ask, Sitelinks",20,17,0,44,https://aerochat.ai/blog/shopify-ai-chatbot?snoball_referral=8Wx0
wa link generator,PY,Paraguay,,60,35,0,50,https://aerochat.ai/free-whatsapp-link-generator
whatsapp ai chatbot,NL,Netherlands,"Sitelinks, People also ask, Top stories, Thumbnail",30,0,0,47,https://aerochat.ai/blog/whatsapp-ai-chatbot
free whatsapp link,IN,India,"Sitelinks, People also ask",300,12,0,58,https://aerochat.ai/free-whatsapp-link-generator
whatsapp link generator,SG,Singapore,Sitelinks,200,15,0,57,https://aerochat.ai/free-whatsapp-link-generator
whatsapp ai chatbot number,ZW,Zimbabwe,"People also ask, Sitelinks, Discussions and forums",50,53,0,51,https://aerochat.ai/blog/whatsapp-ai-chatbot
wa link generator,EC,Ecuador,,60,28,0,52,https://aerochat.ai/free-whatsapp-link-generator
telegram ai,GB,United Kingdom,"People also ask, Sitelinks",100,21,0,55,https://aerochat.ai/blog/telegram-ai-chatbot
telegram ai,NL,Netherlands,"People also ask, Sitelinks",40,21,0,51,https://aerochat.ai/blog/telegram-ai-chatbot
shopify chat bot,IN,India,"Sitelinks, People also ask, Thumbnail",10,27,0,47,https://aerochat.ai/blog/shopify-ai-chatbot?snoball_referral=8Wx0
whatsapp link generator free,BR,Brazil,"Sitelinks, People also ask, Videos",20,21,0,51,https://aerochat.ai/free-whatsapp-link-generator
wa link generator,CO,Colombia,,150,36,0,59,https://aerochat.ai/free-whatsapp-link-generator
wa link generator,BO,Bolivia,Sitelinks,60,36,0,55,https://aerochat.ai/free-whatsapp-link-generator
alvo chat,IN,India,,1500,6,0,70,https://aerochat.ai/free-whatsapp-link-generator
wa link generator,PE,Peru,People also ask,40,33,0,54,https://aerochat.ai/free-whatsapp-link-generator
wa link generator,CR,Costa Rica,,50,35,0,55,https://aerochat.ai/free-whatsapp-link-generator
ai whatsapp chatbot,NG,Nigeria,"Sitelinks, People also ask",20,53,0,50,https://aerochat.ai/blog/whatsapp-ai-chatbot
telegram ai,PK,Pakistan,"People also ask, Sitelinks",50,21,0,55,https://aerochat.ai/blog/telegram-ai-chatbot
facebook ai chatbot,RU,Russian Federation,"People also ask, Sitelinks",10,15,0,48,https://aerochat.ai/blog/facebook-ai-chatbot
whatsapp generator,GB,United Kingdom,Sitelinks,100,12,0,59,https://aerochat.ai/free-whatsapp-link-generator
whatsapp link generator,PL,Poland,"Sitelinks, People also ask",20,16,0,52,https://aerochat.ai/free-whatsapp-link-generator
wa link generator,AR,Argentina,Sitelinks,100,31,0,60,https://aerochat.ai/free-whatsapp-link-generator
chat bot whatsapp,MZ,Mozambique,"Sitelinks, People also ask",10,12,0,48,https://aerochat.ai/blog/whatsapp-ai-chatbot
telegram ai,HK,Hong Kong,"People also ask, Sitelinks",60,11,0,57,https://aerochat.ai/blog/telegram-ai-chatbot
link whatsapp free,MY,Malaysia,"Sitelinks, People also ask",20,12,0,52,https://aerochat.ai/free-whatsapp-link-generator
facebook ai chatbot,IN,India,"People also ask, Sitelinks",30,14,0,54,https://aerochat.ai/blog/facebook-ai-chatbot
facebook chatbots,US,United States,"People also ask, Sitelinks, Top stories, Video preview, Thumbnail",60,28,0,57,https://aerochat.ai/blog/facebook-ai-chatbot
wa link generator,ID,Indonesia,,1400,13,0,72,https://aerochat.ai/free-whatsapp-link-generator
wa.link generator,MX,Mexico,,100,30,0,61,https://aerochat.ai/free-whatsapp-link-generator
wa.link generator,CO,Colombia,,150,30,0,63,https://aerochat.ai/free-whatsapp-link-generator
telegram ai,NG,Nigeria,"People also ask, Sitelinks",150,14,0,62,https://aerochat.ai/blog/telegram-ai-chatbot
telegram ai,BD,Bangladesh,"People also ask, Sitelinks",30,37,0,56,https://aerochat.ai/blog/telegram-ai-chatbot
wa.link generator,BO,Bolivia,,40,28,0,57,https://aerochat.ai/free-whatsapp-link-generator
ai chat bot telegram,IN,India,"Sitelinks, People also ask, Discussions and forums",60,27,0,59,https://aerochat.ai/blog/telegram-ai-chatbot
wa.link generator,VE,Venezuela,,70,28,0,60,https://aerochat.ai/free-whatsapp-link-generator
telegram ai chatbot,CA,Canada,"Featured snippet, People also ask",20,27,0,54,https://aerochat.ai/blog/telegram-ai-chatbot
ai chatbot facebook,US,United States,"People also ask, Sitelinks, Top stories, Video preview, Thumbnail",40,35,0,58,https://aerochat.ai/blog/facebook-ai-chatbot
telegram ai chatbot,GB,United Kingdom,"Featured snippet, People also ask",20,24,0,56,https://aerochat.ai/blog/telegram-ai-chatbot
facebook chatbot,EG,Egypt,"People also ask, Sitelinks",10,37,0,54,https://aerochat.ai/blog/facebook-ai-chatbot
telegram ai chatbot,NG,Nigeria,People also ask,30,4,0,58,https://aerochat.ai/blog/telegram-ai-chatbot
link wa generator,ID,Indonesia,,200,0,0,67,https://aerochat.ai/free-whatsapp-link-generator
link generator for whatsapp,NG,Nigeria,"Sitelinks, Videos",40,17,0,60,https://aerochat.ai/free-whatsapp-link-generator
whatsapp link generator,PK,Pakistan,Sitelinks,1000,16,0,74,https://aerochat.ai/free-whatsapp-link-generator
facebook chatbot,KR,Korea,People also ask,80,31,0,63,https://aerochat.ai/blog/facebook-ai-chatbot
whatsapp link generator,US,United States,Sitelinks,600,15,0,72,https://aerochat.ai/free-whatsapp-link-generator
telegram ai,CA,Canada,"People also ask, Sitelinks",60,21,0,62,https://aerochat.ai/blog/telegram-ai-chatbot
whatsapp link generator,AE,United Arab Emirates,Sitelinks,450,15,0,72,https://aerochat.ai/free-whatsapp-link-generator
wa.link generator,BR,Brazil,,150,33,0,67,https://aerochat.ai/free-whatsapp-link-generator
facebook chatbot,MN,Mongolia,"Top ads, People also ask, Sitelinks, Bottom ads, Paid sitelinks",40,49,0,61,https://aerochat.ai/blog/facebook-ai-chatbot
whatsapp link generator,EG,Egypt,Sitelinks,900,15,0,76,https://aerochat.ai/free-whatsapp-link-generator
chatbot whatsapp,MZ,Mozambique,"People also ask, Sitelinks",20,14,0,60,https://aerochat.ai/blog/whatsapp-ai-chatbot
chatbot facebook,IN,India,People also ask,30,21,0,62,https://aerochat.ai/blog/facebook-ai-chatbot
chatbot facebook,MN,Mongolia,"People also ask, Sitelinks",10,31,0,59,https://aerochat.ai/blog/facebook-ai-chatbot
facebook chatbot,HU,Hungary,People also ask,10,36,0,60,https://aerochat.ai/blog/facebook-ai-chatbot
whatsapp generator chat,ID,Indonesia,Sitelinks,30,14,0,63,https://aerochat.ai/free-whatsapp-link-generator
whatsapp link generator,NG,Nigeria,"Sitelinks, People also ask",1000,17,0,80,https://aerochat.ai/free-whatsapp-link-generator
whatsapp generator,FR,France,Sitelinks,10,12,0,62,https://aerochat.ai/free-whatsapp-link-generator
wa link generator,VE,Venezuela,,50,30,0,69,https://aerochat.ai/free-whatsapp-link-generator
generate whatsapp link,ID,Indonesia,Sitelinks,150,16,0,74,https://aerochat.ai/free-whatsapp-link-generator
facebook chatbot,CZ,Czech Republic,"People also ask, Sitelinks",10,65,0,60,https://aerochat.ai/blog/facebook-ai-chatbot
facebook chatbots,BR,Brazil,People also ask,20,2,0,66,https://aerochat.ai/blog/facebook-ai-chatbot
whatsapp link generator,RU,Russian Federation,Sitelinks,90,15,0,73,https://aerochat.ai/free-whatsapp-link-generator
chatbot facebook,KR,Korea,,50,20,0,70,https://aerochat.ai/blog/facebook-ai-chatbot
facebook chatbot,AE,United Arab Emirates,"People also ask, Sitelinks",0,37,0,59,https://aerochat.ai/blog/facebook-ai-chatbot
facebook chatbots,IN,India,People also ask,10,27,0,64,https://aerochat.ai/blog/facebook-ai-chatbot
whatsapp chat link generator,PK,Pakistan,"Sitelinks, Videos, Discussions and forums",30,24,0,68,https://aerochat.ai/free-whatsapp-link-generator
whatsapp link generator,SA,Saudi Arabia,"Sitelinks, People also ask",80,16,0,73,https://aerochat.ai/free-whatsapp-link-generator
generator wa link,ID,Indonesia,Sitelinks,50,13,0,71,https://aerochat.ai/free-whatsapp-link-generator
whatsapp link generator,IT,Italy,Sitelinks,150,23,0,78,https://aerochat.ai/free-whatsapp-link-generator
chatbot facebook,TR,Turkey,People also ask,10,9,0,65,https://aerochat.ai/blog/facebook-ai-chatbot
whatsapp link generator,MX,Mexico,Sitelinks,350,24,0,82,https://aerochat.ai/free-whatsapp-link-generator
whatsapp generator,ES,Spain,Sitelinks,30,35,0,73,https://aerochat.ai/free-whatsapp-link-generator
whatsapp link generator,UA,Ukraine,Sitelinks,10,15,0,67,https://aerochat.ai/free-whatsapp-link-generator
whatsapp generator,AR,Argentina,Sitelinks,20,35,0,70,https://aerochat.ai/free-whatsapp-link-generator
facebook chatbot,TR,Turkey,"Top ads, Paid sitelinks, People also ask",20,10,0,67,https://aerochat.ai/blog/facebook-ai-chatbot
wa.link generator,PY,Paraguay,People also ask,30,30,0,71,https://aerochat.ai/free-whatsapp-link-generator
facebook chatbot builder,US,United States,"Sitelinks, People also ask",40,53,0,72,https://aerochat.ai/blog/facebook-ai-chatbot
telegram ai bots,IN,India,"Featured snippet, People also ask",60,28,0,74,https://aerochat.ai/blog/telegram-ai-chatbot
whatsapp link generator,RO,Romania,Sitelinks,30,17,0,71,https://aerochat.ai/free-whatsapp-link-generator
whatsapp link generator,GH,Ghana,"Sitelinks, People also ask",150,15,0,79,https://aerochat.ai/free-whatsapp-link-generator
generator whatsapp,ID,Indonesia,Sitelinks,30,11,0,71,https://aerochat.ai/free-whatsapp-link-generator
whatsapp link generator,BD,Bangladesh,Sitelinks,250,17,0,81,https://aerochat.ai/free-whatsapp-link-generator
generatore link whatsapp,IT,Italy,"Sitelinks, People also ask",20,8,0,71,https://aerochat.ai/free-whatsapp-link-generator
whatsapp link generator,PY,Paraguay,People also ask,100,34,0,78,https://aerochat.ai/free-whatsapp-link-generator
fb chatbot,IN,India,"People also ask, Sitelinks",10,35,0,68,https://aerochat.ai/blog/facebook-ai-chatbot
whatsapp link generator,CA,Canada,Sitelinks,60,17,0,76,https://aerochat.ai/free-whatsapp-link-generator
whatsapp chat link generator,US,United States,"Sitelinks, People also ask, Discussions and forums, Videos",40,24,0,74,https://aerochat.ai/free-whatsapp-link-generator
generator link whatsapp,ID,Indonesia,,20,0,0,70,https://aerochat.ai/free-whatsapp-link-generator
whatsapp link generator free,MY,Malaysia,"Sitelinks, Videos",30,17,0,74,https://aerochat.ai/free-whatsapp-link-generator
whatsapp link generator,KE,Kenya,Sitelinks,150,15,0,82,https://aerochat.ai/free-whatsapp-link-generator
whatsapp link generator,CR,Costa Rica,Sitelinks,50,43,0,77,https://aerochat.ai/free-whatsapp-link-generator
wa.me link generator,HK,Hong Kong,"Sitelinks, People also ask",10,16,0,70,https://aerochat.ai/free-whatsapp-link-generator
whatsapp generator,IT,Italy,Sitelinks,20,25,0,76,https://aerochat.ai/free-whatsapp-link-generator
facebook bot,RO,Romania,"Sitelinks, People also ask",10,36,0,69,https://aerochat.ai/blog/facebook-ai-chatbot
whatsapp link generator,HK,Hong Kong,Sitelinks,70,15,0,79,https://aerochat.ai/free-whatsapp-link-generator
whatsapp generator,CO,Colombia,Sitelinks,20,31,0,72,https://aerochat.ai/free-whatsapp-link-generator
whatsapp generator,EG,Egypt,Sitelinks,90,18,0,80,https://aerochat.ai/free-whatsapp-link-generator
link whatsapp generator,ID,Indonesia,Sitelinks,30,13,0,75,https://aerochat.ai/free-whatsapp-link-generator
facebook chatbot,US,United States,People also ask,600,28,0,34,https://aerochat.ai/blog/facebook-ai-chatbot
whatsapp generator link,MY,Malaysia,"Sitelinks, Videos, People also ask",60,24,0,79,https://aerochat.ai/free-whatsapp-link-generator
whatsapp link generator,EC,Ecuador,Sitelinks,150,34,0,86,https://aerochat.ai/free-whatsapp-link-generator
whatsapp link genrator,IN,India,Sitelinks,90,17,0,81,https://aerochat.ai/free-whatsapp-link-generator
whatsapp link generator,LK,Sri Lanka,Sitelinks,90,24,0,81,https://aerochat.ai/free-whatsapp-link-generator
whatsapp link generator,MY,Malaysia,"Sitelinks, People also ask",5100,24,0,83,https://aerochat.ai/free-whatsapp-link-generator
whatsapp link generation,IN,India,Sitelinks,60,17,0,79,https://aerochat.ai/free-whatsapp-link-generator
whatsapp url generator,MY,Malaysia,"Sitelinks, People also ask, Videos, Discussions and forums",10,24,0,73,https://aerochat.ai/free-whatsapp-link-generator
facebook chatbots,RU,Russian Federation,"Sitelinks, People also ask",10,27,0,72,https://aerochat.ai/blog/facebook-ai-chatbot
whatsapp link generator,AU,Australia,Sitelinks,40,17,0,78,https://aerochat.ai/free-whatsapp-link-generator
whatsapp link generator,PA,Panama,Sitelinks,30,35,0,76,https://aerochat.ai/free-whatsapp-link-generator
whatsapp generator chat,MY,Malaysia,"Sitelinks, People also ask, Discussions and forums",20,19,0,74,https://aerochat.ai/free-whatsapp-link-generator
whats app link generator,IN,India,"Sitelinks, People also ask",100,17,0,83,https://aerochat.ai/free-whatsapp-link-generator
whatsapp link generator,AT,Austria,Sitelinks,10,15,0,74,https://aerochat.ai/free-whatsapp-link-generator
whatsapp link generator,CL,Chile,Sitelinks,60,24,0,81,https://aerochat.ai/free-whatsapp-link-generator
whatsapp link generator,ZA,South Africa,Sitelinks,100,16,0,83,https://aerochat.ai/free-whatsapp-link-generator
whatsapp link generator,OM,Oman,"Sitelinks, People also ask",20,16,0,77,https://aerochat.ai/free-whatsapp-link-generator
link generator whatsapp,MY,Malaysia,"Sitelinks, Videos",100,24,0,84,https://aerochat.ai/free-whatsapp-link-generator
whatsapp link generator,PT,Portugal,"Sitelinks, People also ask",30,16,0,79,https://aerochat.ai/free-whatsapp-link-generator
whatsapp link generator,MA,Morocco,"Sitelinks, People also ask",60,17,0,82,https://aerochat.ai/free-whatsapp-link-generator
whatsapp generator,IN,India,Sitelinks,200,18,0,87,https://aerochat.ai/free-whatsapp-link-generator
whatsapp generator,MX,Mexico,Sitelinks,40,31,0,82,https://aerochat.ai/free-whatsapp-link-generator
whatsapp generator,PE,Peru,Sitelinks,20,31,0,77,https://aerochat.ai/free-whatsapp-link-generator
whatsapp link generator,KZ,Kazakhstan,"Sitelinks, People also ask",20,15,0,77,https://aerochat.ai/free-whatsapp-link-generator
whatsapplink generator,IN,India,Sitelinks,40,17,0,81,https://aerochat.ai/free-whatsapp-link-generator
whatsapp link generator,TR,Turkey,Sitelinks,150,15,0,87,https://aerochat.ai/free-whatsapp-link-generator
whatsapp link generator,NP,Nepal,Sitelinks,40,15,0,81,https://aerochat.ai/free-whatsapp-link-generator
whatsapp link generator,IL,Israel,"Sitelinks, People also ask",150,16,0,88,https://aerochat.ai/free-whatsapp-link-generator
whatsapp link generator,PH,Philippines,Sitelinks,30,17,0,81,https://aerochat.ai/free-whatsapp-link-generator
whatsapp link create free,IN,India,Sitelinks,100,17,0,86,https://aerochat.ai/free-whatsapp-link-generator
whatsapp link generater,IN,India,"Sitelinks, People also ask",200,17,0,89,https://aerochat.ai/free-whatsapp-link-generator
whatsapp link generator,TW,Taiwan,Sitelinks,20,23,0,80,https://aerochat.ai/free-whatsapp-link-generator
whatsapp link generator,UY,Uruguay,"Sitelinks, People also ask",10,34,0,78,https://aerochat.ai/free-whatsapp-link-generator
whatsapp generator,TR,Turkey,"Top ads, Paid sitelinks, Sitelinks",30,22,0,82,https://aerochat.ai/free-whatsapp-link-generator
whatsapp generator link,IN,India,"Sitelinks, Videos",90,15,0,87,https://aerochat.ai/free-whatsapp-link-generator
whatsapp generator,HK,Hong Kong,Sitelinks,30,18,0,83,https://aerochat.ai/free-whatsapp-link-generator
whatsapp link creator,BR,Brazil,Sitelinks,50,33,0,85,https://aerochat.ai/free-whatsapp-link-generator
whatsapp link generator,NA,Namibia,"Sitelinks, People also ask",10,15,0,78,https://aerochat.ai/free-whatsapp-link-generator
whatsapp link creator,IL,Israel,Sitelinks,20,16,0,81,https://aerochat.ai/free-whatsapp-link-generator
whatsapp link creator,MX,Mexico,Sitelinks,30,30,0,83,https://aerochat.ai/free-whatsapp-link-generator
whatsapp link generator,JO,Jordan,Sitelinks,20,15,0,81,https://aerochat.ai/free-whatsapp-link-generator
whatsapp ai bot number,IN,India,People also ask,50,8,0,86,https://aerochat.ai/blog/whatsapp-ai-chatbot
whatsapp link generator,CO,Colombia,Sitelinks,250,24,0,85,https://aerochat.ai/free-whatsapp-link-generator
facebook ai chatbots,US,United States,"People also ask, Sitelinks",10,30,0,80,https://aerochat.ai/blog/facebook-ai-chatbot
whatsapp link generator,BH,Bahrain,"Sitelinks, People also ask",10,17,0,80,https://aerochat.ai/free-whatsapp-link-generator
whatsapp link genrate,IN,India,Sitelinks,40,15,0,85,https://aerochat.ai/free-whatsapp-link-generator
wp link generator,IN,India,Sitelinks,10,17,0,80,https://aerochat.ai/free-whatsapp-link-generator
whatsapp generator,AE,United Arab Emirates,Sitelinks,10,18,0,81,https://aerochat.ai/free-whatsapp-link-generator
link whatsapp generator,MX,Mexico,Bottom ads,10,31,0,78,https://aerochat.ai/free-whatsapp-link-generator
whatsapp link generator,ZW,Zimbabwe,"Sitelinks, People also ask",20,17,0,83,https://aerochat.ai/free-whatsapp-link-generator
whatsapp link generator,VE,Venezuela,Sitelinks,70,34,0,88,https://aerochat.ai/free-whatsapp-link-generator
whatsapp link generator,KW,Kuwait,Sitelinks,20,17,0,84,https://aerochat.ai/free-whatsapp-link-generator
whatsapp url generator,CO,Colombia,Sitelinks,0,38,0,75,https://aerochat.ai/free-whatsapp-link-generator
whatsapp number link generator,MY,Malaysia,"Sitelinks, People also ask, Videos",10,24,0,82,https://aerochat.ai/free-whatsapp-link-generator
whatsapp generator,NG,Nigeria,Sitelinks,30,17,0,86,https://aerochat.ai/free-whatsapp-link-generator
whatsapp link generator,MZ,Mozambique,Sitelinks,10,15,0,81,https://aerochat.ai/free-whatsapp-link-generator
facebook chat bot builder,US,United States,"People also ask, Sitelinks",20,40,0,85,https://aerochat.ai/blog/facebook-ai-chatbot
whatsapp link generator,NI,Nicaragua,Sitelinks,10,25,0,79,https://aerochat.ai/free-whatsapp-link-generator
facebook bots,IN,India,"People also ask, Sitelinks",20,24,0,84,https://aerochat.ai/blog/facebook-ai-chatbot
whatsapp number link generator,IN,India,"Sitelinks, Videos",60,15,0,90,https://aerochat.ai/free-whatsapp-link-generator
whatsapp generator,US,United States,Sitelinks,70,18,0,91,https://aerochat.ai/free-whatsapp-link-generator
whatsapp url generator,IN,India,"Sitelinks, People also ask, Videos, Discussions and forums",50,16,0,89,https://aerochat.ai/free-whatsapp-link-generator
link whatsapp generator,IT,Italy,"Sitelinks, Videos",10,23,0,81,https://aerochat.ai/free-whatsapp-link-generator
whatsapp link creator,TR,Turkey,"Sitelinks, People also ask",20,15,0,86,https://aerochat.ai/free-whatsapp-link-generator
whatsapp link creator,CO,Colombia,Sitelinks,10,24,0,84,https://aerochat.ai/free-whatsapp-link-generator
whatsapp link generator,SV,El Salvador,Sitelinks,10,25,0,83,https://aerochat.ai/free-whatsapp-link-generator
whatsapp message link generator,IN,India,"Sitelinks, People also ask, Videos, Discussions and forums",50,16,0,91,https://aerochat.ai/free-whatsapp-link-generator
whatsapp chat link generator,IN,India,"Sitelinks, People also ask, Discussions and forums",200,23,0,97,https://aerochat.ai/free-whatsapp-link-generator
whatsapp link generator,HN,Honduras,Sitelinks,20,26,0,88,https://aerochat.ai/free-whatsapp-link-generator
whatsapp link generator,DO,Dominican Republic,Sitelinks,30,26,0,89,https://aerochat.ai/free-whatsapp-link-generator
whatsapp robot chat,RU,Russian Federation,"Sitelinks, People also ask",10,42,0,83,https://aerochat.ai/blog/whatsapp-ai-chatbot
facebook chatbot pricing,RU,Russian Federation,"Sitelinks, People also ask",10,35,0,85,https://aerochat.ai/blog/facebook-ai-chatbot
whatsapp generator,PK,Pakistan,Sitelinks,20,24,0,88,https://aerochat.ai/free-whatsapp-link-generator
whatsapp.link generator,BR,Brazil,Sitelinks,10,33,0,83,https://aerochat.ai/free-whatsapp-link-generator
link whatsapp generator,CO,Colombia,"Bottom ads, Paid sitelinks",0,35,0,82,https://aerochat.ai/free-whatsapp-link-generator
whatsapp link generator,GT,Guatemala,Sitelinks,30,26,0,92,https://aerochat.ai/free-whatsapp-link-generator
facebook chatbot,IT,Italy,People also ask,10,0,0,98,https://aerochat.ai/blog/facebook-ai-chatbot
whatsapp link generator,BR,Brazil,Sitelinks,700,33,0,81,https://aerochat.ai/free-whatsapp-link-generator
whatsapp link generator,BO,Bolivia,Sitelinks,100,34,0,83,https://aerochat.ai/free-whatsapp-link-generator
whatsapp link generator,AR,Argentina,Sitelinks,250,34,0,85,https://aerochat.ai/free-whatsapp-link-generator
whatsapp link generator,PE,Peru,Sitelinks,150,26,0,82,https://aerochat.ai/free-whatsapp-link-generator
whatsapp link generator,IN,India,"Sitelinks, People also ask",6700,17,0,80,https://aerochat.ai/free-whatsapp-link-generator
whatsapp generator,BR,Brazil,Sitelinks,150,34,0,62,https://aerochat.ai/free-whatsapp-link-generator
facebook chatbot,IN,India,People also ask,0,36,0,61,https://aerochat.ai/blog/facebook-ai-chatbot
whatsapp generator,MY,Malaysia,Sitelinks,500,26,0,79,https://aerochat.ai/free-whatsapp-link-generator
facebook bot,IN,India,"Sitelinks, People also ask",70,34,0,67,https://aerochat.ai/blog/facebook-ai-chatbot
whatsapp generator link,MX,Mexico,Sitelinks,,30,0,77,https://aerochat.ai/free-whatsapp-link-generator
whatsapp link generator free,ID,Indonesia,Sitelinks,,15,0,51,https://aerochat.ai/free-whatsapp-link-generator
whatsapp link generator free,NG,Nigeria,"Sitelinks, Videos",,17,0,72,https://aerochat.ai/free-whatsapp-link-generator
whatsapp contact link generator,IN,India,"Sitelinks, People also ask",,16,0,95,https://aerochat.ai/free-whatsapp-link-generator
ai whatsapp chatbot,ZW,Zimbabwe,"People also ask, Sitelinks",,53,0,41,https://aerochat.ai/blog/whatsapp-ai-chatbot
whatsapp no link generator,IN,India,"Sitelinks, Videos, Discussions and forums",0,18,0,88,https://aerochat.ai/free-whatsapp-link-generator
ai whatsapp chatbot number,NG,Nigeria,"People also ask, Sitelinks",,17,0,74,https://aerochat.ai/blog/whatsapp-ai-chatbot
wa.link generator,CR,Costa Rica,,,30,0,48,https://aerochat.ai/free-whatsapp-link-generator
whatsapp link generator gratis,MX,Mexico,"People also ask, Videos",,25,0,92,https://aerochat.ai/free-whatsapp-link-generator